epoch,train_loss,val_loss,val_acc,val_f1,duration_sec
1,1.7576848398084226,2.5602192909289627,0.02564102564102564,0.008333333333333333,16.09258222579956
2,1.5899958356663033,2.5276554318574758,0.0,0.0,16.130897283554077
