epoch,train_loss,val_loss,val_acc,val_f1,duration_sec
1,1.9832032124201457,1.2801628112792969,0.3333333333333333,0.16666666666666666,0.5058832168579102
