epoch,train_loss,val_loss,val_acc,val_f1,duration_sec
1,0.6006584068139394,0.5688604911168417,0.3333333333333333,0.16666666666666666,0.4320218563079834
