epoch,train_loss,val_loss,val_acc,val_f1,duration_sec
1,2.230147123336792,1.9732529322306316,0.3333333333333333,0.16666666666666666,0.25832080841064453
