epoch,train_loss,val_loss,val_acc,val_f1,duration_sec
1,1.1777012362503088,1.0872343335396204,0.02564102564102564,0.016666666666666666,1.2779319286346436
2,1.092179753950664,0.8689310795221573,0.02564102564102564,0.016666666666666666,1.0135412216186523
