epoch,train_loss,val_loss,val_acc,val_f1,duration_sec
1,1.6309194357498833,0.559028793603946,0.23076923076923078,0.125,13.786429643630981
2,1.389994795301131,0.3353555664802209,0.5384615384615384,0.34626436781609193,13.856039047241211
