epoch,train_loss,val_loss,val_acc,val_f1,duration_sec
1,1.4339847844839095,0.825390922717559,0.02564102564102564,0.016666666666666666,14.181153059005737
2,1.2917737238682234,0.5572521029374539,0.05128205128205128,0.0781499202551834,14.175209999084473
