epoch,train_loss,val_loss,val_acc,val_f1,duration_sec
1,1.8632116782246158,0.7414170167385004,0.02564102564102564,0.016666666666666666,16.070510864257812
2,1.1200423884604658,0.4102444006846501,0.20512820512820512,0.19220430107526884,16.16485619544983
