epoch,train_loss,val_loss,val_acc,val_f1,duration_sec
1,2.0248345534006753,1.3041002750396729,0.3333333333333333,0.16666666666666666,0.44647955894470215
