epoch,train_loss,val_loss,val_acc,val_f1,duration_sec
1,1.6526949691275756,1.7170630739285395,0.2564102564102564,0.06802721088435373,1.2373204231262207
2,1.905026528452124,1.6956539719532697,0.2564102564102564,0.06802721088435373,0.9949984550476074
